-- phpMyAdmin SQL Dump
-- version 4.5.4.1deb2ubuntu2
-- http://www.phpmyadmin.net
--
-- Host: localhost
-- Generation Time: 12-Set-2017 às 13:43
-- Versão do servidor: 5.7.18-0ubuntu0.16.04.1
-- PHP Version: 7.0.23-1+ubuntu16.04.1+deb.sury.org+1

SET SQL_MODE = "NO_AUTO_VALUE_ON_ZERO";
SET time_zone = "+00:00";


/*!40101 SET @OLD_CHARACTER_SET_CLIENT=@@CHARACTER_SET_CLIENT */;
/*!40101 SET @OLD_CHARACTER_SET_RESULTS=@@CHARACTER_SET_RESULTS */;
/*!40101 SET @OLD_COLLATION_CONNECTION=@@COLLATION_CONNECTION */;
/*!40101 SET NAMES utf8mb4 */;

--
-- Database: `LPTI`
--

-- --------------------------------------------------------

--
-- Estrutura da tabela `ALUNO`
--

CREATE TABLE `ALUNO` (
  `idALUNO` bigint(20) NOT NULL,
  `NOME` varchar(60) NOT NULL,
  `SITUACAO` int(11) DEFAULT NULL,
  `FOTO` blob
) ENGINE=InnoDB DEFAULT CHARSET=utf8;

--
-- Extraindo dados da tabela `ALUNO`
--

INSERT INTO `ALUNO` (`idALUNO`, `NOME`, `SITUACAO`, `FOTO`) VALUES
(101010101010, '6565', NULL, NULL),
(121234345678, 'sasasa', NULL, NULL),
(201518110000, 'Ana', NULL, NULL),
(201518110259, 'Jew', NULL, NULL),
(202020202020, '454545', NULL, NULL),
(303030303030, '1010', NULL, NULL),
(404040404040, '4040', NULL, NULL),
(505050505050, '66', NULL, NULL),
(707070707070, '7070', NULL, NULL),
(784512963258, 'sasa', NULL, NULL);

-- --------------------------------------------------------

--
-- Estrutura da tabela `CURSO`
--

CREATE TABLE `CURSO` (
  `idCURSO` int(11) NOT NULL,
  `NOME` varchar(45) NOT NULL,
  `MODALIDADE` int(2) NOT NULL,
  `PARAMETRO` int(11) NOT NULL
) ENGINE=InnoDB DEFAULT CHARSET=utf8;

--
-- Extraindo dados da tabela `CURSO`
--

INSERT INTO `CURSO` (`idCURSO`, `NOME`, `MODALIDADE`, `PARAMETRO`) VALUES
(1, 'Informática', 1, 1),
(2, 'Mecatrônica', 1, 2),
(3, 'Edificações', 1, 3),
(4, 'Informática', 2, 4),
(5, 'Mecatrônica', 2, 5),
(6, 'Edificações', 2, 6);

-- --------------------------------------------------------

--
-- Estrutura da tabela `DIMENSAO`
--

CREATE TABLE `DIMENSAO` (
  `idDIMENSAO` int(11) NOT NULL,
  `idQUESTIONARIO` int(11) NOT NULL,
  `DESCRICAO` text NOT NULL
) ENGINE=InnoDB DEFAULT CHARSET=utf8;

-- --------------------------------------------------------

--
-- Estrutura da tabela `FREQUENCIA`
--

CREATE TABLE `FREQUENCIA` (
  `idFREQUENCIA` int(11) NOT NULL,
  `idALUNO` bigint(20) NOT NULL,
  `idMATERIA` int(11) NOT NULL,
  `FALTAS` int(11) NOT NULL,
  `BIMESTRE` int(11) NOT NULL
) ENGINE=InnoDB DEFAULT CHARSET=utf8;

-- --------------------------------------------------------

--
-- Estrutura da tabela `MATERIA`
--

CREATE TABLE `MATERIA` (
  `idMATERIA` int(11) NOT NULL,
  `NOME` varchar(45) NOT NULL,
  `QTD_AULAS` int(11) NOT NULL
) ENGINE=InnoDB DEFAULT CHARSET=utf8;

-- --------------------------------------------------------

--
-- Estrutura da tabela `MATERIA_has_PROFESSOR`
--

CREATE TABLE `MATERIA_has_PROFESSOR` (
  `MATERIA_idMATERIA` int(11) NOT NULL,
  `PROFESSOR_idPROFESSOR` int(11) NOT NULL,
  `ANO` int(11) NOT NULL
) ENGINE=InnoDB DEFAULT CHARSET=utf8;

-- --------------------------------------------------------

--
-- Estrutura da tabela `MODALIDADE`
--

CREATE TABLE `MODALIDADE` (
  `idMODALIDADE` int(2) NOT NULL,
  `MODALIDADE` varchar(45) NOT NULL
) ENGINE=InnoDB DEFAULT CHARSET=utf8;

--
-- Extraindo dados da tabela `MODALIDADE`
--

INSERT INTO `MODALIDADE` (`idMODALIDADE`, `MODALIDADE`) VALUES
(1, 'Integrado'),
(2, 'Subsequente');

-- --------------------------------------------------------

--
-- Estrutura da tabela `MUT`
--

CREATE TABLE `MUT` (
  `USUARIO_idUSUARIO` int(11) NOT NULL,
  `TURMA_idTURMA` int(11) NOT NULL,
  `MATERIA_idMATERIA` int(11) NOT NULL
) ENGINE=InnoDB DEFAULT CHARSET=utf8;

-- --------------------------------------------------------

--
-- Estrutura da tabela `MUT_has_QUESTIONARIO`
--

CREATE TABLE `MUT_has_QUESTIONARIO` (
  `USUARIO_idUSUARIO` int(11) NOT NULL,
  `TURMA_idTURMA` int(11) NOT NULL,
  `MATERIA_idMATERIA` int(11) NOT NULL,
  `QUESTIONARIO_idQUESTIONARIO` int(11) NOT NULL
) ENGINE=InnoDB DEFAULT CHARSET=utf8;

-- --------------------------------------------------------

--
-- Estrutura da tabela `NOTA`
--

CREATE TABLE `NOTA` (
  `idNOTA` int(11) NOT NULL,
  `idALUNO` bigint(20) NOT NULL,
  `idMATERIA` int(11) NOT NULL,
  `NOTA` double NOT NULL,
  `BIMESTRE` int(11) NOT NULL
) ENGINE=InnoDB DEFAULT CHARSET=utf8;

-- --------------------------------------------------------

--
-- Estrutura da tabela `PARAMETRO_DE_RISCO`
--

CREATE TABLE `PARAMETRO_DE_RISCO` (
  `idPARAMETRO_DE_RISCO` int(11) NOT NULL,
  `FREQUENCIA` int(11) NOT NULL,
  `NOTA` double NOT NULL
) ENGINE=InnoDB DEFAULT CHARSET=utf8;

--
-- Extraindo dados da tabela `PARAMETRO_DE_RISCO`
--

INSERT INTO `PARAMETRO_DE_RISCO` (`idPARAMETRO_DE_RISCO`, `FREQUENCIA`, `NOTA`) VALUES
(1, 60, 100),
(2, 60, 60),
(3, 60, 60),
(4, 100, 60),
(5, 60, 60),
(6, 60, 60);

-- --------------------------------------------------------

--
-- Estrutura da tabela `PERGUNTA`
--

CREATE TABLE `PERGUNTA` (
  `idPERGUNTA` int(11) NOT NULL,
  `idDIMENSAO` int(11) NOT NULL,
  `PERGUNTA` longtext NOT NULL,
  `TIPO` tinyint(4) DEFAULT NULL
) ENGINE=InnoDB DEFAULT CHARSET=utf8;

-- --------------------------------------------------------

--
-- Estrutura da tabela `PROFESSOR`
--

CREATE TABLE `PROFESSOR` (
  `idPROFESSOR` int(11) NOT NULL,
  `NOME` varchar(60) NOT NULL,
  `EMAIL` varchar(100) NOT NULL
) ENGINE=InnoDB DEFAULT CHARSET=utf8;

-- --------------------------------------------------------

--
-- Estrutura da tabela `QUESTIONARIO`
--

CREATE TABLE `QUESTIONARIO` (
  `idQUESTIONARIO` int(11) NOT NULL,
  `NOME` varchar(40) DEFAULT NULL
) ENGINE=InnoDB DEFAULT CHARSET=utf8;

-- --------------------------------------------------------

--
-- Estrutura da tabela `QUESTIONARIO_has_TURMA`
--

CREATE TABLE `QUESTIONARIO_has_TURMA` (
  `QUESTIONARIO_idQUESTIONARIO` int(11) NOT NULL,
  `TURMA_idTURMA` int(11) NOT NULL
) ENGINE=InnoDB DEFAULT CHARSET=utf8;

-- --------------------------------------------------------

--
-- Estrutura da tabela `RESPOSTA`
--

CREATE TABLE `RESPOSTA` (
  `idRESPOSTA` int(11) NOT NULL,
  `idPERGUNTA` int(11) NOT NULL,
  `idUSUARIO` int(11) NOT NULL,
  `idALUNO` bigint(20) NOT NULL,
  `RESPOSTA` tinyint(1) DEFAULT NULL,
  `RESPOSTA_ABERTA` longtext
) ENGINE=InnoDB DEFAULT CHARSET=utf8;

-- --------------------------------------------------------

--
-- Estrutura da tabela `TURMA`
--

CREATE TABLE `TURMA` (
  `idTURMA` int(11) NOT NULL,
  `idCURSO` int(11) NOT NULL,
  `SERIE` int(11) NOT NULL,
  `MODALIDADE` int(2) NOT NULL
) ENGINE=InnoDB DEFAULT CHARSET=utf8;

--
-- Extraindo dados da tabela `TURMA`
--

INSERT INTO `TURMA` (`idTURMA`, `idCURSO`, `SERIE`, `MODALIDADE`) VALUES
(11, 1, 1, 1),
(22, 2, 2, 1),
(33, 3, 3, 1),
(41, 4, 1, 2),
(52, 5, 2, 2);

-- --------------------------------------------------------

--
-- Estrutura da tabela `TURMA_has_ALUNO`
--

CREATE TABLE `TURMA_has_ALUNO` (
  `ALUNO_idALUNO` bigint(20) NOT NULL,
  `TURMA_idTURMA` int(11) NOT NULL,
  `ANO` int(11) NOT NULL
) ENGINE=InnoDB DEFAULT CHARSET=utf8;

--
-- Extraindo dados da tabela `TURMA_has_ALUNO`
--

INSERT INTO `TURMA_has_ALUNO` (`ALUNO_idALUNO`, `TURMA_idTURMA`, `ANO`) VALUES
(201518110000, 11, 2017),
(505050505050, 33, 2017),
(784512963258, 33, 2017);

-- --------------------------------------------------------

--
-- Estrutura da tabela `TURMA_has_MATERIA`
--

CREATE TABLE `TURMA_has_MATERIA` (
  `TURMA_idTURMA` int(11) NOT NULL,
  `MATERIA_idMATERIA` int(11) NOT NULL,
  `ANO` int(11) NOT NULL
) ENGINE=InnoDB DEFAULT CHARSET=utf8;

-- --------------------------------------------------------

--
-- Estrutura da tabela `USUARIO`
--

CREATE TABLE `USUARIO` (
  `idUSUARIO` int(11) NOT NULL,
  `NOME` varchar(60) DEFAULT NULL,
  `LOGIN` varchar(45) NOT NULL,
  `SENHA` varchar(45) NOT NULL,
  `TIPO` int(11) NOT NULL
) ENGINE=InnoDB DEFAULT CHARSET=utf8;

--
-- Extraindo dados da tabela `USUARIO`
--

INSERT INTO `USUARIO` (`idUSUARIO`, `NOME`, `LOGIN`, `SENHA`, `TIPO`) VALUES
(1, NULL, 'info', '59bd0a3ff43b32849b319e645d4798d8a5d1e889', 1),
(2, NULL, 'meca', '902e82cf5bad3d0046162d772375f33f1afa6754', 2),
(3, NULL, 'edif', '563e1d54b0f21a105957d3109bae94200b0a7612', 3),
(4, NULL, 'est', '665de1f2775ca0b64d3ceda7c1b4bd15e32a73ed', 4),
(5, 'Prof', 'prof', 'da39a3ee5e6b4b0d3255bfef95601890afd80709', 4),
(15, NULL, 'root', 'dc76e9f0c0006e8f919e0c515c66dbba3982f785', 0),
(16, NULL, 'teste', '2e6f9b0d5885b6010f9167787445617f553a735f', 0),
(17, NULL, 'bolsolula2018', 'cf69bba011c2b49054f8c74932adf7cb080c3c22', 5),
(18, NULL, 'asas', 'da39a3ee5e6b4b0d3255bfef95601890afd80709', 4);

--
-- Indexes for dumped tables
--

--
-- Indexes for table `ALUNO`
--
ALTER TABLE `ALUNO`
  ADD PRIMARY KEY (`idALUNO`);

--
-- Indexes for table `CURSO`
--
ALTER TABLE `CURSO`
  ADD PRIMARY KEY (`idCURSO`),
  ADD KEY `PARAMETRO` (`PARAMETRO`),
  ADD KEY `MODALIDADE` (`MODALIDADE`);

--
-- Indexes for table `DIMENSAO`
--
ALTER TABLE `DIMENSAO`
  ADD PRIMARY KEY (`idDIMENSAO`),
  ADD KEY `fk_DIMENSAO_1_idx` (`idQUESTIONARIO`);

--
-- Indexes for table `FREQUENCIA`
--
ALTER TABLE `FREQUENCIA`
  ADD PRIMARY KEY (`idFREQUENCIA`),
  ADD KEY `fk_FREQUENCIA_1_idx` (`idMATERIA`),
  ADD KEY `fk_FREQUENCIA_2_idx` (`idALUNO`);

--
-- Indexes for table `MATERIA`
--
ALTER TABLE `MATERIA`
  ADD PRIMARY KEY (`idMATERIA`);

--
-- Indexes for table `MATERIA_has_PROFESSOR`
--
ALTER TABLE `MATERIA_has_PROFESSOR`
  ADD PRIMARY KEY (`MATERIA_idMATERIA`,`PROFESSOR_idPROFESSOR`),
  ADD KEY `fk_MATERIA_has_PROFESSOR_PROFESSOR1_idx` (`PROFESSOR_idPROFESSOR`),
  ADD KEY `fk_MATERIA_has_PROFESSOR_MATERIA1_idx` (`MATERIA_idMATERIA`);

--
-- Indexes for table `MODALIDADE`
--
ALTER TABLE `MODALIDADE`
  ADD PRIMARY KEY (`idMODALIDADE`);

--
-- Indexes for table `MUT`
--
ALTER TABLE `MUT`
  ADD PRIMARY KEY (`USUARIO_idUSUARIO`,`TURMA_idTURMA`,`MATERIA_idMATERIA`),
  ADD KEY `fk_USUARIO_has_TURMA_has_MATERIA_TURMA_has_MATERIA1_idx` (`TURMA_idTURMA`,`MATERIA_idMATERIA`),
  ADD KEY `fk_USUARIO_has_TURMA_has_MATERIA_USUARIO1_idx` (`USUARIO_idUSUARIO`);

--
-- Indexes for table `MUT_has_QUESTIONARIO`
--
ALTER TABLE `MUT_has_QUESTIONARIO`
  ADD PRIMARY KEY (`USUARIO_idUSUARIO`,`TURMA_idTURMA`,`MATERIA_idMATERIA`,`QUESTIONARIO_idQUESTIONARIO`),
  ADD KEY `fk_MUT_has_QUESTIONARIO_QUESTIONARIO1_idx` (`QUESTIONARIO_idQUESTIONARIO`),
  ADD KEY `fk_MUT_has_QUESTIONARIO_MUT1_idx` (`USUARIO_idUSUARIO`,`TURMA_idTURMA`,`MATERIA_idMATERIA`);

--
-- Indexes for table `NOTA`
--
ALTER TABLE `NOTA`
  ADD PRIMARY KEY (`idNOTA`),
  ADD KEY `fk_NOTA_1_idx` (`idALUNO`),
  ADD KEY `fk_NOTA_2_idx` (`idMATERIA`);

--
-- Indexes for table `PARAMETRO_DE_RISCO`
--
ALTER TABLE `PARAMETRO_DE_RISCO`
  ADD PRIMARY KEY (`idPARAMETRO_DE_RISCO`);

--
-- Indexes for table `PERGUNTA`
--
ALTER TABLE `PERGUNTA`
  ADD PRIMARY KEY (`idPERGUNTA`),
  ADD KEY `fk_PERGUNTA_1_idx` (`idDIMENSAO`);

--
-- Indexes for table `PROFESSOR`
--
ALTER TABLE `PROFESSOR`
  ADD PRIMARY KEY (`idPROFESSOR`);

--
-- Indexes for table `QUESTIONARIO`
--
ALTER TABLE `QUESTIONARIO`
  ADD PRIMARY KEY (`idQUESTIONARIO`);

--
-- Indexes for table `QUESTIONARIO_has_TURMA`
--
ALTER TABLE `QUESTIONARIO_has_TURMA`
  ADD PRIMARY KEY (`QUESTIONARIO_idQUESTIONARIO`,`TURMA_idTURMA`),
  ADD KEY `fk_QUESTIONARIO_has_TURMA_TURMA1_idx` (`TURMA_idTURMA`),
  ADD KEY `fk_QUESTIONARIO_has_TURMA_QUESTIONARIO1_idx` (`QUESTIONARIO_idQUESTIONARIO`);

--
-- Indexes for table `RESPOSTA`
--
ALTER TABLE `RESPOSTA`
  ADD PRIMARY KEY (`idRESPOSTA`),
  ADD KEY `fk_RESPOSTA_1_idx` (`idPERGUNTA`),
  ADD KEY `fk_RESPOSTA_2_idx` (`idUSUARIO`),
  ADD KEY `fk_RESPOSTA_3_idx` (`idALUNO`);

--
-- Indexes for table `TURMA`
--
ALTER TABLE `TURMA`
  ADD PRIMARY KEY (`idTURMA`),
  ADD KEY `fk_TURMA_1_idx` (`idCURSO`),
  ADD KEY `MODALIDADE` (`MODALIDADE`);

--
-- Indexes for table `TURMA_has_ALUNO`
--
ALTER TABLE `TURMA_has_ALUNO`
  ADD PRIMARY KEY (`ALUNO_idALUNO`,`TURMA_idTURMA`),
  ADD KEY `fk_ALUNO_has_TURMA_TURMA1_idx` (`TURMA_idTURMA`),
  ADD KEY `fk_ALUNO_has_TURMA_ALUNO_idx` (`ALUNO_idALUNO`);

--
-- Indexes for table `TURMA_has_MATERIA`
--
ALTER TABLE `TURMA_has_MATERIA`
  ADD PRIMARY KEY (`TURMA_idTURMA`,`MATERIA_idMATERIA`),
  ADD KEY `fk_TURMA_has_MATERIA_MATERIA1_idx` (`MATERIA_idMATERIA`),
  ADD KEY `fk_TURMA_has_MATERIA_TURMA1_idx` (`TURMA_idTURMA`);

--
-- Indexes for table `USUARIO`
--
ALTER TABLE `USUARIO`
  ADD PRIMARY KEY (`idUSUARIO`),
  ADD UNIQUE KEY `LOGIN_UNIQUE` (`LOGIN`);

--
-- AUTO_INCREMENT for dumped tables
--

--
-- AUTO_INCREMENT for table `CURSO`
--
ALTER TABLE `CURSO`
  MODIFY `idCURSO` int(11) NOT NULL AUTO_INCREMENT, AUTO_INCREMENT=7;
--
-- AUTO_INCREMENT for table `DIMENSAO`
--
ALTER TABLE `DIMENSAO`
  MODIFY `idDIMENSAO` int(11) NOT NULL AUTO_INCREMENT;
--
-- AUTO_INCREMENT for table `FREQUENCIA`
--
ALTER TABLE `FREQUENCIA`
  MODIFY `idFREQUENCIA` int(11) NOT NULL AUTO_INCREMENT;
--
-- AUTO_INCREMENT for table `MATERIA`
--
ALTER TABLE `MATERIA`
  MODIFY `idMATERIA` int(11) NOT NULL AUTO_INCREMENT;
--
-- AUTO_INCREMENT for table `MODALIDADE`
--
ALTER TABLE `MODALIDADE`
  MODIFY `idMODALIDADE` int(2) NOT NULL AUTO_INCREMENT, AUTO_INCREMENT=3;
--
-- AUTO_INCREMENT for table `NOTA`
--
ALTER TABLE `NOTA`
  MODIFY `idNOTA` int(11) NOT NULL AUTO_INCREMENT;
--
-- AUTO_INCREMENT for table `PARAMETRO_DE_RISCO`
--
ALTER TABLE `PARAMETRO_DE_RISCO`
  MODIFY `idPARAMETRO_DE_RISCO` int(11) NOT NULL AUTO_INCREMENT, AUTO_INCREMENT=7;
--
-- AUTO_INCREMENT for table `PERGUNTA`
--
ALTER TABLE `PERGUNTA`
  MODIFY `idPERGUNTA` int(11) NOT NULL AUTO_INCREMENT;
--
-- AUTO_INCREMENT for table `PROFESSOR`
--
ALTER TABLE `PROFESSOR`
  MODIFY `idPROFESSOR` int(11) NOT NULL AUTO_INCREMENT;
--
-- AUTO_INCREMENT for table `QUESTIONARIO`
--
ALTER TABLE `QUESTIONARIO`
  MODIFY `idQUESTIONARIO` int(11) NOT NULL AUTO_INCREMENT;
--
-- AUTO_INCREMENT for table `RESPOSTA`
--
ALTER TABLE `RESPOSTA`
  MODIFY `idRESPOSTA` int(11) NOT NULL AUTO_INCREMENT;
--
-- AUTO_INCREMENT for table `TURMA`
--
ALTER TABLE `TURMA`
  MODIFY `idTURMA` int(11) NOT NULL AUTO_INCREMENT, AUTO_INCREMENT=53;
--
-- AUTO_INCREMENT for table `USUARIO`
--
ALTER TABLE `USUARIO`
  MODIFY `idUSUARIO` int(11) NOT NULL AUTO_INCREMENT, AUTO_INCREMENT=19;
--
-- Constraints for dumped tables
--

--
-- Limitadores para a tabela `CURSO`
--
ALTER TABLE `CURSO`
  ADD CONSTRAINT `CURSO_ibfk_1` FOREIGN KEY (`PARAMETRO`) REFERENCES `PARAMETRO_DE_RISCO` (`idPARAMETRO_DE_RISCO`) ON DELETE CASCADE ON UPDATE CASCADE,
  ADD CONSTRAINT `CURSO_ibfk_2` FOREIGN KEY (`MODALIDADE`) REFERENCES `MODALIDADE` (`idMODALIDADE`) ON DELETE CASCADE ON UPDATE CASCADE;

--
-- Limitadores para a tabela `DIMENSAO`
--
ALTER TABLE `DIMENSAO`
  ADD CONSTRAINT `fk_DIMENSAO_1` FOREIGN KEY (`idQUESTIONARIO`) REFERENCES `QUESTIONARIO` (`idQUESTIONARIO`) ON DELETE NO ACTION ON UPDATE NO ACTION;

--
-- Limitadores para a tabela `FREQUENCIA`
--
ALTER TABLE `FREQUENCIA`
  ADD CONSTRAINT `fk_FREQUENCIA_1` FOREIGN KEY (`idMATERIA`) REFERENCES `MATERIA` (`idMATERIA`) ON DELETE NO ACTION ON UPDATE NO ACTION,
  ADD CONSTRAINT `fk_FREQUENCIA_2` FOREIGN KEY (`idALUNO`) REFERENCES `ALUNO` (`idALUNO`) ON DELETE NO ACTION ON UPDATE NO ACTION;

--
-- Limitadores para a tabela `MATERIA_has_PROFESSOR`
--
ALTER TABLE `MATERIA_has_PROFESSOR`
  ADD CONSTRAINT `fk_MATERIA_has_PROFESSOR_MATERIA1` FOREIGN KEY (`MATERIA_idMATERIA`) REFERENCES `MATERIA` (`idMATERIA`) ON DELETE NO ACTION ON UPDATE NO ACTION,
  ADD CONSTRAINT `fk_MATERIA_has_PROFESSOR_PROFESSOR1` FOREIGN KEY (`PROFESSOR_idPROFESSOR`) REFERENCES `PROFESSOR` (`idPROFESSOR`) ON DELETE NO ACTION ON UPDATE NO ACTION;

--
-- Limitadores para a tabela `MUT`
--
ALTER TABLE `MUT`
  ADD CONSTRAINT `fk_USUARIO_has_TURMA_has_MATERIA_TURMA_has_MATERIA1` FOREIGN KEY (`TURMA_idTURMA`,`MATERIA_idMATERIA`) REFERENCES `TURMA_has_MATERIA` (`TURMA_idTURMA`, `MATERIA_idMATERIA`) ON DELETE NO ACTION ON UPDATE NO ACTION,
  ADD CONSTRAINT `fk_USUARIO_has_TURMA_has_MATERIA_USUARIO1` FOREIGN KEY (`USUARIO_idUSUARIO`) REFERENCES `USUARIO` (`idUSUARIO`) ON DELETE NO ACTION ON UPDATE NO ACTION;

--
-- Limitadores para a tabela `MUT_has_QUESTIONARIO`
--
ALTER TABLE `MUT_has_QUESTIONARIO`
  ADD CONSTRAINT `fk_MUT_has_QUESTIONARIO_MUT1` FOREIGN KEY (`USUARIO_idUSUARIO`,`TURMA_idTURMA`,`MATERIA_idMATERIA`) REFERENCES `MUT` (`USUARIO_idUSUARIO`, `TURMA_idTURMA`, `MATERIA_idMATERIA`) ON DELETE NO ACTION ON UPDATE NO ACTION,
  ADD CONSTRAINT `fk_MUT_has_QUESTIONARIO_QUESTIONARIO1` FOREIGN KEY (`QUESTIONARIO_idQUESTIONARIO`) REFERENCES `QUESTIONARIO` (`idQUESTIONARIO`) ON DELETE NO ACTION ON UPDATE NO ACTION;

--
-- Limitadores para a tabela `NOTA`
--
ALTER TABLE `NOTA`
  ADD CONSTRAINT `fk_NOTA_1` FOREIGN KEY (`idALUNO`) REFERENCES `ALUNO` (`idALUNO`) ON DELETE NO ACTION ON UPDATE NO ACTION,
  ADD CONSTRAINT `fk_NOTA_2` FOREIGN KEY (`idMATERIA`) REFERENCES `MATERIA` (`idMATERIA`) ON DELETE NO ACTION ON UPDATE NO ACTION;

--
-- Limitadores para a tabela `PERGUNTA`
--
ALTER TABLE `PERGUNTA`
  ADD CONSTRAINT `fk_PERGUNTA_1` FOREIGN KEY (`idDIMENSAO`) REFERENCES `DIMENSAO` (`idDIMENSAO`) ON DELETE NO ACTION ON UPDATE NO ACTION;

--
-- Limitadores para a tabela `QUESTIONARIO_has_TURMA`
--
ALTER TABLE `QUESTIONARIO_has_TURMA`
  ADD CONSTRAINT `fk_QUESTIONARIO_has_TURMA_QUESTIONARIO1` FOREIGN KEY (`QUESTIONARIO_idQUESTIONARIO`) REFERENCES `QUESTIONARIO` (`idQUESTIONARIO`) ON DELETE NO ACTION ON UPDATE NO ACTION,
  ADD CONSTRAINT `fk_QUESTIONARIO_has_TURMA_TURMA1` FOREIGN KEY (`TURMA_idTURMA`) REFERENCES `TURMA` (`idTURMA`) ON DELETE NO ACTION ON UPDATE NO ACTION;

--
-- Limitadores para a tabela `RESPOSTA`
--
ALTER TABLE `RESPOSTA`
  ADD CONSTRAINT `fk_RESPOSTA_1` FOREIGN KEY (`idPERGUNTA`) REFERENCES `PERGUNTA` (`idPERGUNTA`) ON DELETE NO ACTION ON UPDATE NO ACTION,
  ADD CONSTRAINT `fk_RESPOSTA_2` FOREIGN KEY (`idUSUARIO`) REFERENCES `USUARIO` (`idUSUARIO`) ON DELETE NO ACTION ON UPDATE NO ACTION,
  ADD CONSTRAINT `fk_RESPOSTA_3` FOREIGN KEY (`idALUNO`) REFERENCES `ALUNO` (`idALUNO`) ON DELETE NO ACTION ON UPDATE NO ACTION;

--
-- Limitadores para a tabela `TURMA`
--
ALTER TABLE `TURMA`
  ADD CONSTRAINT `TURMA_ibfk_1` FOREIGN KEY (`MODALIDADE`) REFERENCES `MODALIDADE` (`idMODALIDADE`) ON DELETE CASCADE ON UPDATE CASCADE,
  ADD CONSTRAINT `fk_TURMA_1` FOREIGN KEY (`idCURSO`) REFERENCES `CURSO` (`idCURSO`) ON DELETE NO ACTION ON UPDATE NO ACTION;

--
-- Limitadores para a tabela `TURMA_has_ALUNO`
--
ALTER TABLE `TURMA_has_ALUNO`
  ADD CONSTRAINT `fk_ALUNO_has_TURMA_ALUNO` FOREIGN KEY (`ALUNO_idALUNO`) REFERENCES `ALUNO` (`idALUNO`) ON DELETE NO ACTION ON UPDATE NO ACTION,
  ADD CONSTRAINT `fk_ALUNO_has_TURMA_TURMA1` FOREIGN KEY (`TURMA_idTURMA`) REFERENCES `TURMA` (`idTURMA`) ON DELETE NO ACTION ON UPDATE NO ACTION;

--
-- Limitadores para a tabela `TURMA_has_MATERIA`
--
ALTER TABLE `TURMA_has_MATERIA`
  ADD CONSTRAINT `fk_TURMA_has_MATERIA_MATERIA1` FOREIGN KEY (`MATERIA_idMATERIA`) REFERENCES `MATERIA` (`idMATERIA`) ON DELETE NO ACTION ON UPDATE NO ACTION,
  ADD CONSTRAINT `fk_TURMA_has_MATERIA_TURMA1` FOREIGN KEY (`TURMA_idTURMA`) REFERENCES `TURMA` (`idTURMA`) ON DELETE NO ACTION ON UPDATE NO ACTION;

/*!40101 SET CHARACTER_SET_CLIENT=@OLD_CHARACTER_SET_CLIENT */;
/*!40101 SET CHARACTER_SET_RESULTS=@OLD_CHARACTER_SET_RESULTS */;
/*!40101 SET COLLATION_CONNECTION=@OLD_COLLATION_CONNECTION */;
